{
    "avg_hit_rate": 0.8487394957983193,
    "avg_mean_reciprocal_rank": 0.7443977591036414,
    "avg_precision": 0.35994397759103636,
    "avg_recall": 0.8487394957983193,
    "total_queries": 238
}
