{
    "avg_hit_rate": 0.9621848739495799,
    "avg_mean_reciprocal_rank": 0.8830532212885154,
    "avg_precision": 0.41736694677871145,
    "avg_recall": 0.9621848739495799,
    "total_queries": 238
}
