{
    "exact": 52.6,
    "f1": 52.76,
    "total": 500,
    "HasAns_exact": 0.8438818565400844,
    "HasAns_f1": 1.1814345991561181,
    "HasAns_total": 237,
    "NoAns_exact": 99.23954372623574,
    "NoAns_f1": 99.23954372623574,
    "NoAns_total": 263
}