{"exact": 2.0, "f1": 6.11998778998779, "total": 100, "HasAns_exact": 4.444444444444445, "HasAns_f1": 13.599972866639535, "HasAns_total": 45, "NoAns_exact": 0.0, "NoAns_f1": 0.0, "NoAns_total": 55}