{
    "exact": 48.0,
    "f1": 50.477142857142866,
    "total": 500,
    "HasAns_exact": 9.70464135021097,
    "HasAns_f1": 14.930681133212778,
    "HasAns_total": 237,
    "NoAns_exact": 82.50950570342205,
    "NoAns_f1": 82.50950570342205,
    "NoAns_total": 263
}