{"exact": 8.6, "f1": 15.202871436298544, "total": 500, "HasAns_exact": 16.455696202531644, "HasAns_f1": 30.385804717929418, "HasAns_total": 237, "NoAns_exact": 1.520912547528517, "NoAns_f1": 1.520912547528517, "NoAns_total": 263}