{
    "exact": 46.0,
    "f1": 48.416666666666664,
    "total": 500,
    "HasAns_exact": 9.282700421940929,
    "HasAns_f1": 14.381153305203938,
    "HasAns_total": 237,
    "NoAns_exact": 79.08745247148289,
    "NoAns_f1": 79.08745247148289,
    "NoAns_total": 263
}