{
    "exact": 52.6,
    "f1": 52.893333333333345,
    "total": 500,
    "HasAns_exact": 0.8438818565400844,
    "HasAns_f1": 1.4627285513361463,
    "HasAns_total": 237,
    "NoAns_exact": 99.23954372623574,
    "NoAns_f1": 99.23954372623574,
    "NoAns_total": 263
}