{
    "exact": 52.8,
    "f1": 52.8,
    "total": 500,
    "HasAns_exact": 0.8438818565400844,
    "HasAns_f1": 0.8438818565400844,
    "HasAns_total": 237,
    "NoAns_exact": 99.61977186311788,
    "NoAns_f1": 99.61977186311788,
    "NoAns_total": 263
}