{
    "exact": 52.8,
    "f1": 53.03333333333334,
    "total": 500,
    "HasAns_exact": 1.2658227848101267,
    "HasAns_f1": 1.7580872011251758,
    "HasAns_total": 237,
    "NoAns_exact": 99.23954372623574,
    "NoAns_f1": 99.23954372623574,
    "NoAns_total": 263
}