{"exact": 5.0, "f1": 9.696174903527846, "total": 100, "HasAns_exact": 11.11111111111111, "HasAns_f1": 21.54705534117299, "HasAns_total": 45, "NoAns_exact": 0.0, "NoAns_f1": 0.0, "NoAns_total": 55}