{
    "exact": 46.4,
    "f1": 48.30767676767677,
    "total": 500,
    "HasAns_exact": 8.438818565400844,
    "HasAns_f1": 12.46345309636449,
    "HasAns_total": 237,
    "NoAns_exact": 80.6083650190114,
    "NoAns_f1": 80.6083650190114,
    "NoAns_total": 263
}