{
    "exact": 53.2,
    "f1": 53.33333333333333,
    "total": 500,
    "HasAns_exact": 1.6877637130801688,
    "HasAns_f1": 1.969057665260197,
    "HasAns_total": 237,
    "NoAns_exact": 99.61977186311788,
    "NoAns_f1": 99.61977186311788,
    "NoAns_total": 263
}