{
    "exact": 48.6,
    "f1": 50.47333333333333,
    "total": 500,
    "HasAns_exact": 8.860759493670885,
    "HasAns_f1": 12.812939521800281,
    "HasAns_total": 237,
    "NoAns_exact": 84.4106463878327,
    "NoAns_f1": 84.4106463878327,
    "NoAns_total": 263
}