{
    "exact": 48.4,
    "f1": 53.228057040998216,
    "total": 500,
    "HasAns_exact": 50.21097046413502,
    "HasAns_f1": 60.39674481223252,
    "HasAns_total": 237,
    "NoAns_exact": 46.7680608365019,
    "NoAns_f1": 46.7680608365019,
    "NoAns_total": 263
}