{
    "exact": 51.4,
    "f1": 55.681778221778224,
    "total": 500,
    "HasAns_exact": 56.962025316455694,
    "HasAns_f1": 65.99531270417347,
    "HasAns_total": 237,
    "NoAns_exact": 46.38783269961977,
    "NoAns_f1": 46.38783269961977,
    "NoAns_total": 263
}
