{
    "exact": 46.2,
    "f1": 48.04358974358974,
    "total": 500,
    "HasAns_exact": 8.438818565400844,
    "HasAns_f1": 12.328248404197772,
    "HasAns_total": 237,
    "NoAns_exact": 80.22813688212928,
    "NoAns_f1": 80.22813688212928,
    "NoAns_total": 263
}