{
    "exact": 41.8,
    "f1": 47.50682142807462,
    "total": 500,
    "HasAns_exact": 56.118143459915615,
    "HasAns_f1": 68.15785111408148,
    "HasAns_total": 237,
    "NoAns_exact": 28.897338403041825,
    "NoAns_f1": 28.897338403041825,
    "NoAns_total": 263
}
