{
    "exact": 45.4,
    "f1": 50.49929501028173,
    "total": 500,
    "HasAns_exact": 62.0253164556962,
    "HasAns_f1": 72.78332280650153,
    "HasAns_total": 237,
    "NoAns_exact": 30.418250950570343,
    "NoAns_f1": 30.418250950570343,
    "NoAns_total": 263
}
