{
    "exact": 47.6,
    "f1": 53.47328776486671,
    "total": 500,
    "HasAns_exact": 59.07172995780591,
    "HasAns_f1": 71.46263241533062,
    "HasAns_total": 237,
    "NoAns_exact": 37.26235741444867,
    "NoAns_f1": 37.26235741444867,
    "NoAns_total": 263
}