{
    "exact": 44.2,
    "f1": 49.13773037420096,
    "total": 500,
    "HasAns_exact": 62.869198312236286,
    "HasAns_f1": 73.28635100042398,
    "HasAns_total": 237,
    "NoAns_exact": 27.376425855513308,
    "NoAns_f1": 27.376425855513308,
    "NoAns_total": 263
}
