{
    "exact": 42.8,
    "f1": 48.10763611002002,
    "total": 500,
    "HasAns_exact": 61.60337552742616,
    "HasAns_f1": 72.80092006333336,
    "HasAns_total": 237,
    "NoAns_exact": 25.85551330798479,
    "NoAns_f1": 25.85551330798479,
    "NoAns_total": 263
}