{
    "exact": 42.4,
    "f1": 47.81462843256961,
    "total": 500,
    "HasAns_exact": 55.27426160337553,
    "HasAns_f1": 66.69752833875445,
    "HasAns_total": 237,
    "NoAns_exact": 30.79847908745247,
    "NoAns_f1": 30.79847908745247,
    "NoAns_total": 263
}