{
    "exact": 45.4,
    "f1": 48.78471267294796,
    "total": 500,
    "HasAns_exact": 32.06751054852321,
    "HasAns_f1": 39.208254584278414,
    "HasAns_total": 237,
    "NoAns_exact": 57.41444866920152,
    "NoAns_f1": 57.41444866920152,
    "NoAns_total": 263
}