{
    "exact": 42.6,
    "f1": 48.644239431967634,
    "total": 500,
    "HasAns_exact": 58.64978902953587,
    "HasAns_f1": 71.40134901258995,
    "HasAns_total": 237,
    "NoAns_exact": 28.136882129277566,
    "NoAns_f1": 28.136882129277566,
    "NoAns_total": 263
}
