{
    "exact": 49.0,
    "f1": 53.962416802416804,
    "total": 500,
    "HasAns_exact": 56.118143459915615,
    "HasAns_f1": 66.5873772202886,
    "HasAns_total": 237,
    "NoAns_exact": 42.58555133079848,
    "NoAns_f1": 42.58555133079848,
    "NoAns_total": 263
}
