{
    "exact": 46.6,
    "f1": 51.26582068086712,
    "total": 500,
    "HasAns_exact": 43.459915611814345,
    "HasAns_f1": 53.30341915794751,
    "HasAns_total": 237,
    "NoAns_exact": 49.42965779467681,
    "NoAns_f1": 49.42965779467681,
    "NoAns_total": 263
}