{
    "exact": 45.2,
    "f1": 50.10336909736291,
    "total": 500,
    "HasAns_exact": 58.64978902953587,
    "HasAns_f1": 68.99444957249558,
    "HasAns_total": 237,
    "NoAns_exact": 33.07984790874525,
    "NoAns_f1": 33.07984790874525,
    "NoAns_total": 263
}