{
    "exact": 43.0,
    "f1": 48.19006538353287,
    "total": 500,
    "HasAns_exact": 58.64978902953587,
    "HasAns_f1": 69.59929405808623,
    "HasAns_total": 237,
    "NoAns_exact": 28.897338403041825,
    "NoAns_f1": 28.897338403041825,
    "NoAns_total": 263
}
