{
    "exact": 41.4,
    "f1": 47.38707765230985,
    "total": 500,
    "HasAns_exact": 58.22784810126582,
    "HasAns_f1": 70.85881361246804,
    "HasAns_total": 237,
    "NoAns_exact": 26.23574144486692,
    "NoAns_f1": 26.23574144486692,
    "NoAns_total": 263
}
