exact,f1,total,HasAns_exact,HasAns_f1,HasAns_total,NoAns_exact,NoAns_f1,NoAns_total,experiment
62.4,67.34111920581176,500,68.77637130801688,79.20067342998261,237,56.653992395437264,56.653992395437264,263,eval_pred_400_text-embedding-3-small_claude-3.5-sonnet_qdrant.json
64.2,68.36340423250641,500,63.71308016877637,72.49663340191223,237,64.63878326996198,64.63878326996198,263,eval_pred_400_text-embedding-3-small_claude-3.5-sonnet_chromadb.json
60.8,65.22099415204679,500,60.33755274261603,69.66454462457128,237,61.21673003802282,61.21673003802282,263,eval_pred_400_text-embedding-3-small_meta-llama-3-70b-instruct.json
44.8,50.83045295744986,500,51.89873417721519,64.62120877099126,237,38.40304182509506,38.40304182509506,263,eval_pred_400_all-MiniLM-L6-v2_gpt-3.5-turbo.json
