{
    "exact": 64.2,
    "f1": 68.36340423250641,
    "total": 500,
    "HasAns_exact": 63.71308016877637,
    "HasAns_f1": 72.49663340191223,
    "HasAns_total": 237,
    "NoAns_exact": 64.63878326996198,
    "NoAns_f1": 64.63878326996198,
    "NoAns_total": 263
}
