{
    "exact": 60.8,
    "f1": 65.22099415204679,
    "total": 500,
    "HasAns_exact": 60.33755274261603,
    "HasAns_f1": 69.66454462457128,
    "HasAns_total": 237,
    "NoAns_exact": 61.21673003802282,
    "NoAns_f1": 61.21673003802282,
    "NoAns_total": 263
}
