{
    "exact": 62.4,
    "f1": 67.34111920581176,
    "total": 500,
    "HasAns_exact": 68.77637130801688,
    "HasAns_f1": 79.20067342998261,
    "HasAns_total": 237,
    "NoAns_exact": 56.653992395437264,
    "NoAns_f1": 56.653992395437264,
    "NoAns_total": 263
}
