{
    "exact": 44.8,
    "f1": 50.83045295744986,
    "total": 500,
    "HasAns_exact": 51.89873417721519,
    "HasAns_f1": 64.62120877099126,
    "HasAns_total": 237,
    "NoAns_exact": 38.40304182509506,
    "NoAns_f1": 38.40304182509506,
    "NoAns_total": 263
}
